{"ep_length_mean":600,"test_cooked_count_mean":0,"cooked_count_mean":0,"episode":150,"return_std":0,"target_mean":-0.033076725006103515,"test_cutted_count_mean":0,"_wandb":{"runtime":87},"epsilon":0.94750489015637,"grad_norm":0.051458124071359634,"synthesis_count_mean":0,"lr":0.00099544,"q_taken_mean":-0.01567057450612386,"loss":0.0032228571362793446,"_step":91200,"test_synthesis_count_mean":0,"_timestamp":1.7564823389225972e+09,"td_error_abs":0.04852392514546712,"test_return_mean":0,"_runtime":87.08993,"AClemoncookedfish_mean":0,"test_ep_length_mean":600,"cutted_count_mean":0,"test_AClemoncookedfish_mean":0,"return_mean":0,"test_return_std":0}