{"grad_norm":0.4601341187953949,"target_mean":0.08246540705362956,"test_return_std":0,"cooked_count_mean":1.1,"lr":0.00099844,"ep_length_mean":600,"test_cooked_count_mean":0,"test_ep_length_mean":600,"loss":0.17236806452274323,"cutted_count_mean":1.4,"_wandb":{"runtime":29},"test_return_mean":0,"_timestamp":1.756466588198912e+09,"synthesis_count_mean":0.3,"_runtime":29.921195,"AClemoncookedfish_mean":0,"test_synthesis_count_mean":0,"return_mean":8.96979089697909,"episode":60,"test_cutted_count_mean":0,"return_std":4.29816191953479,"_step":36600,"q_taken_mean":-0.02876413663228353,"test_AClemoncookedfish_mean":0,"epsilon":0.9786616809072983,"td_error_abs":0.26160713195800783}