{"test_synthesis_count_mean":0,"test_AClemoncookedfish_mean":0,"_wandb":{"runtime":41},"test_return_mean":0,"test_cooked_count_mean":0,"loss":0.03637038543820381,"lr":0.00099754,"ep_length_mean":600,"cutted_count_mean":0,"cooked_count_mean":0,"_timestamp":1.756466863974824e+09,"return_mean":0,"target_mean":0.03290879567464193,"return_std":0,"epsilon":0.9716505750666621,"test_cutted_count_mean":0,"episode":80,"_runtime":41.416767,"synthesis_count_mean":0,"grad_norm":0.22221744060516357,"_step":49200,"test_ep_length_mean":600,"test_return_std":0,"AClemoncookedfish_mean":0,"q_taken_mean":-0.04315300941467285,"td_error_abs":0.15828442891438801}