{"_step":25200,"test_cooked_count_mean":2,"AClemoncookedfish_mean":3,"test_AClemoncookedfish_mean":0,"td_error_abs":0.13307286580403646,"return_mean":0,"_timestamp":1.756462373541901e+09,"epsilon":0.9857233765446887,"q_taken_mean":0.0008610308170318604,"test_cutted_count_mean":1,"loss":0.1595519483089447,"lr":0.00099874,"test_synthesis_count_mean":0,"_runtime":21.061962,"_wandb":{"runtime":21},"test_ep_length_mean":600,"cutted_count_mean":5,"episode":40,"test_return_std":0,"target_mean":-0.04372248649597168,"cooked_count_mean":7,"return_std":0,"grad_norm":0.23737958073616028,"synthesis_count_mean":4,"test_return_mean":0,"ep_length_mean":600}