{"test_ep_length_mean":600,"q_taken_mean":0.09271770477294922,"_wandb":{"runtime":119},"_timestamp":1.756793349219171e+09,"test_synthesis_count_mean":0,"cutted_count_mean":2.1,"test_AClemoncookedfish_mean":0,"epsilon":0.9306791831626534,"test_return_mean":0,"test_return_std":0,"lr":0.00099244,"cooked_count_mean":1.3,"loss":0.18124619126319885,"episode":260,"return_std":8.481110717042432,"synthesis_count_mean":0.6,"td_error_abs":0.11003466288248698,"grad_norm":0.06425660103559494,"return_mean":14.862882143813689,"test_cutted_count_mean":1,"AClemoncookedfish_mean":0.1,"target_mean":0.09977743784586589,"_step":156600,"_runtime":119.296046,"test_cooked_count_mean":0,"ep_length_mean":600}