{"grad_norm":0.7945683002471924,"test_AClemoncookedfish_mean":0,"ep_length_mean":600,"return_mean":17.32351222058537,"cutted_count_mean":1.8,"loss":0.0666595995426178,"test_cooked_count_mean":0,"td_error_abs":0.12506749471028647,"test_synthesis_count_mean":0,"_wandb":{"runtime":156},"lr":0.00098974,"test_cutted_count_mean":0,"epsilon":0.9078205301781858,"test_return_std":0,"_timestamp":1.756793541280957e+09,"test_return_mean":0,"q_taken_mean":0.17979251861572265,"_runtime":156.797343,"cooked_count_mean":1.3,"episode":350,"_step":210600,"return_std":8.406953976615918,"AClemoncookedfish_mean":0.2,"test_ep_length_mean":600,"synthesis_count_mean":0.9,"target_mean":0.1438884735107422}